Gross Sales,Sales returns-allowances and discounts,Retake,Discount,Net sales,COGS,Gross margin,Operating Expense,R&D,Labour,SG&A,Operating income,Other G/L,Calculator Income,Scholarship Expense,EBIT,Gross Margin,EBIT Margin
21600000,0,0,0,21600000,90000,21510000,22410000.0,2160000.0,14000000,6250000,-900000.0,-360000.0,0,360000.0,-1260000.0,0.9958333333333333,-0.058333333333333334
21600000,0,0,0,21600000,180000,21420000,22410000.0,2160000.0,14000000,6250000,-990000.0,-360000.0,0,360000.0,-1350000.0,0.9916666666666667,-0.0625
21600000,0,0,0,21600000,90000,21510000,22410000.0,2160000.0,14000000,6250000,-900000.0,-450000.0,0,450000.0,-1350000.0,0.9958333333333333,-0.0625
21600000,0,0,0,21600000,180000,21420000,22410000.0,2160000.0,14000000,6250000,-990000.0,-450000.0,0,450000.0,-1440000.0,0.9916666666666667,-0.06666666666666667
21600000,0,0,0,21600000,90000,21510000,22910000.0,2160000.0,14500000,6250000,-1400000.0,-360000.0,0,360000.0,-1760000.0,0.9958333333333333,-0.08148148148148149
21600000,0,0,0,21600000,180000,21420000,22910000.0,2160000.0,14500000,6250000,-1490000.0,-360000.0,0,360000.0,-1850000.0,0.9916666666666667,-0.08564814814814815
21600000,0,0,0,21600000,90000,21510000,22910000.0,2160000.0,14500000,6250000,-1400000.0,-450000.0,0,450000.0,-1850000.0,0.9958333333333333,-0.08564814814814815
21600000,0,0,0,21600000,180000,21420000,22910000.0,2160000.0,14500000,6250000,-1490000.0,-450000.0,0,450000.0,-1940000.0,0.9916666666666667,-0.08981481481481482
21600000,0,0,0,21600000,90000,21510000,23410000.0,2160000.0,15000000,6250000,-1900000.0,-360000.0,0,360000.0,-2260000.0,0.9958333333333333,-0.10462962962962963
21600000,0,0,0,21600000,180000,21420000,23410000.0,2160000.0,15000000,6250000,-1990000.0,-360000.0,0,360000.0,-2350000.0,0.9916666666666667,-0.1087962962962963
21600000,0,0,0,21600000,90000,21510000,23410000.0,2160000.0,15000000,6250000,-1900000.0,-450000.0,0,450000.0,-2350000.0,0.9958333333333333,-0.1087962962962963
21600000,0,0,0,21600000,180000,21420000,23410000.0,2160000.0,15000000,6250000,-1990000.0,-450000.0,0,450000.0,-2440000.0,0.9916666666666667,-0.11296296296296296
21600000,0,0,0,21600000,90000,21510000,25410000.0,2160000.0,17000000,6250000,-3900000.0,-360000.0,0,360000.0,-4260000.0,0.9958333333333333,-0.19722222222222222
21600000,0,0,0,21600000,180000,21420000,25410000.0,2160000.0,17000000,6250000,-3990000.0,-360000.0,0,360000.0,-4350000.0,0.9916666666666667,-0.2013888888888889
21600000,0,0,0,21600000,90000,21510000,25410000.0,2160000.0,17000000,6250000,-3900000.0,-450000.0,0,450000.0,-4350000.0,0.9958333333333333,-0.2013888888888889
21600000,0,0,0,21600000,180000,21420000,25410000.0,2160000.0,17000000,6250000,-3990000.0,-450000.0,0,450000.0,-4440000.0,0.9916666666666667,-0.20555555555555555
21600000,0,0,0,21600000,90000,21510000,25910000.0,2160000.0,17500000,6250000,-4400000.0,-360000.0,0,360000.0,-4760000.0,0.9958333333333333,-0.22037037037037038
21600000,0,0,0,21600000,180000,21420000,25910000.0,2160000.0,17500000,6250000,-4490000.0,-360000.0,0,360000.0,-4850000.0,0.9916666666666667,-0.22453703703703703
21600000,0,0,0,21600000,90000,21510000,25910000.0,2160000.0,17500000,6250000,-4400000.0,-450000.0,0,450000.0,-4850000.0,0.9958333333333333,-0.22453703703703703
21600000,0,0,0,21600000,180000,21420000,25910000.0,2160000.0,17500000,6250000,-4490000.0,-450000.0,0,450000.0,-4940000.0,0.9916666666666667,-0.22870370370370371
21600000,0,0,0,21600000,90000,21510000,26410000.0,2160000.0,18000000,6250000,-4900000.0,-360000.0,0,360000.0,-5260000.0,0.9958333333333333,-0.24351851851851852
21600000,0,0,0,21600000,180000,21420000,26410000.0,2160000.0,18000000,6250000,-4990000.0,-360000.0,0,360000.0,-5350000.0,0.9916666666666667,-0.24768518518518517
21600000,0,0,0,21600000,90000,21510000,26410000.0,2160000.0,18000000,6250000,-4900000.0,-450000.0,0,450000.0,-5350000.0,0.9958333333333333,-0.24768518518518517
21600000,0,0,0,21600000,180000,21420000,26410000.0,2160000.0,18000000,6250000,-4990000.0,-450000.0,0,450000.0,-5440000.0,0.9916666666666667,-0.2518518518518518
21600000,0,0,0,21600000,90000,21510000,23910000.0,2160000.0,15500000,6250000,-2400000.0,-360000.0,0,360000.0,-2760000.0,0.9958333333333333,-0.12777777777777777
21600000,0,0,0,21600000,180000,21420000,23910000.0,2160000.0,15500000,6250000,-2490000.0,-360000.0,0,360000.0,-2850000.0,0.9916666666666667,-0.13194444444444445
21600000,0,0,0,21600000,90000,21510000,23910000.0,2160000.0,15500000,6250000,-2400000.0,-450000.0,0,450000.0,-2850000.0,0.9958333333333333,-0.13194444444444445
21600000,0,0,0,21600000,180000,21420000,23910000.0,2160000.0,15500000,6250000,-2490000.0,-450000.0,0,450000.0,-2940000.0,0.9916666666666667,-0.1361111111111111
21600000,0,0,0,21600000,90000,21510000,24410000.0,2160000.0,16000000,6250000,-2900000.0,-360000.0,0,360000.0,-3260000.0,0.9958333333333333,-0.15092592592592594
21600000,0,0,0,21600000,180000,21420000,24410000.0,2160000.0,16000000,6250000,-2990000.0,-360000.0,0,360000.0,-3350000.0,0.9916666666666667,-0.1550925925925926
21600000,0,0,0,21600000,90000,21510000,24410000.0,2160000.0,16000000,6250000,-2900000.0,-450000.0,0,450000.0,-3350000.0,0.9958333333333333,-0.1550925925925926
21600000,0,0,0,21600000,180000,21420000,24410000.0,2160000.0,16000000,6250000,-2990000.0,-450000.0,0,450000.0,-3440000.0,0.9916666666666667,-0.15925925925925927
21600000,0,0,0,21600000,90000,21510000,24910000.0,2160000.0,16500000,6250000,-3400000.0,-360000.0,0,360000.0,-3760000.0,0.9958333333333333,-0.17407407407407408
21600000,0,0,0,21600000,180000,21420000,24910000.0,2160000.0,16500000,6250000,-3490000.0,-360000.0,0,360000.0,-3850000.0,0.9916666666666667,-0.17824074074074073
21600000,0,0,0,21600000,90000,21510000,24910000.0,2160000.0,16500000,6250000,-3400000.0,-450000.0,0,450000.0,-3850000.0,0.9958333333333333,-0.17824074074074073
21600000,0,0,0,21600000,180000,21420000,24910000.0,2160000.0,16500000,6250000,-3490000.0,-450000.0,0,450000.0,-3940000.0,0.9916666666666667,-0.1824074074074074
21600000,0,0,0,21600000,90000,21510000,23660000.0,2160000.0,14000000,7500000,-2150000.0,-360000.0,0,360000.0,-2510000.0,0.9958333333333333,-0.1162037037037037
21600000,0,0,0,21600000,180000,21420000,23660000.0,2160000.0,14000000,7500000,-2240000.0,-360000.0,0,360000.0,-2600000.0,0.9916666666666667,-0.12037037037037036
21600000,0,0,0,21600000,90000,21510000,23660000.0,2160000.0,14000000,7500000,-2150000.0,-450000.0,0,450000.0,-2600000.0,0.9958333333333333,-0.12037037037037036
21600000,0,0,0,21600000,180000,21420000,23660000.0,2160000.0,14000000,7500000,-2240000.0,-450000.0,0,450000.0,-2690000.0,0.9916666666666667,-0.12453703703703704
21600000,0,0,0,21600000,90000,21510000,24160000.0,2160000.0,14500000,7500000,-2650000.0,-360000.0,0,360000.0,-3010000.0,0.9958333333333333,-0.13935185185185187
21600000,0,0,0,21600000,180000,21420000,24160000.0,2160000.0,14500000,7500000,-2740000.0,-360000.0,0,360000.0,-3100000.0,0.9916666666666667,-0.14351851851851852
21600000,0,0,0,21600000,90000,21510000,24160000.0,2160000.0,14500000,7500000,-2650000.0,-450000.0,0,450000.0,-3100000.0,0.9958333333333333,-0.14351851851851852
21600000,0,0,0,21600000,180000,21420000,24160000.0,2160000.0,14500000,7500000,-2740000.0,-450000.0,0,450000.0,-3190000.0,0.9916666666666667,-0.1476851851851852
21600000,0,0,0,21600000,90000,21510000,24660000.0,2160000.0,15000000,7500000,-3150000.0,-360000.0,0,360000.0,-3510000.0,0.9958333333333333,-0.1625
21600000,0,0,0,21600000,180000,21420000,24660000.0,2160000.0,15000000,7500000,-3240000.0,-360000.0,0,360000.0,-3600000.0,0.9916666666666667,-0.16666666666666666
21600000,0,0,0,21600000,90000,21510000,24660000.0,2160000.0,15000000,7500000,-3150000.0,-450000.0,0,450000.0,-3600000.0,0.9958333333333333,-0.16666666666666666
21600000,0,0,0,21600000,180000,21420000,24660000.0,2160000.0,15000000,7500000,-3240000.0,-450000.0,0,450000.0,-3690000.0,0.9916666666666667,-0.17083333333333334
21600000,0,0,0,21600000,90000,21510000,26660000.0,2160000.0,17000000,7500000,-5150000.0,-360000.0,0,360000.0,-5510000.0,0.9958333333333333,-0.2550925925925926
21600000,0,0,0,21600000,180000,21420000,26660000.0,2160000.0,17000000,7500000,-5240000.0,-360000.0,0,360000.0,-5600000.0,0.9916666666666667,-0.25925925925925924
21600000,0,0,0,21600000,90000,21510000,26660000.0,2160000.0,17000000,7500000,-5150000.0,-450000.0,0,450000.0,-5600000.0,0.9958333333333333,-0.25925925925925924
21600000,0,0,0,21600000,180000,21420000,26660000.0,2160000.0,17000000,7500000,-5240000.0,-450000.0,0,450000.0,-5690000.0,0.9916666666666667,-0.26342592592592595
21600000,0,0,0,21600000,90000,21510000,27160000.0,2160000.0,17500000,7500000,-5650000.0,-360000.0,0,360000.0,-6010000.0,0.9958333333333333,-0.27824074074074073
21600000,0,0,0,21600000,180000,21420000,27160000.0,2160000.0,17500000,7500000,-5740000.0,-360000.0,0,360000.0,-6100000.0,0.9916666666666667,-0.2824074074074074
21600000,0,0,0,21600000,90000,21510000,27160000.0,2160000.0,17500000,7500000,-5650000.0,-450000.0,0,450000.0,-6100000.0,0.9958333333333333,-0.2824074074074074
21600000,0,0,0,21600000,180000,21420000,27160000.0,2160000.0,17500000,7500000,-5740000.0,-450000.0,0,450000.0,-6190000.0,0.9916666666666667,-0.2865740740740741
21600000,0,0,0,21600000,90000,21510000,27660000.0,2160000.0,18000000,7500000,-6150000.0,-360000.0,0,360000.0,-6510000.0,0.9958333333333333,-0.3013888888888889
21600000,0,0,0,21600000,180000,21420000,27660000.0,2160000.0,18000000,7500000,-6240000.0,-360000.0,0,360000.0,-6600000.0,0.9916666666666667,-0.3055555555555556
21600000,0,0,0,21600000,90000,21510000,27660000.0,2160000.0,18000000,7500000,-6150000.0,-450000.0,0,450000.0,-6600000.0,0.9958333333333333,-0.3055555555555556
21600000,0,0,0,21600000,180000,21420000,27660000.0,2160000.0,18000000,7500000,-6240000.0,-450000.0,0,450000.0,-6690000.0,0.9916666666666667,-0.30972222222222223
21600000,0,0,0,21600000,90000,21510000,25160000.0,2160000.0,15500000,7500000,-3650000.0,-360000.0,0,360000.0,-4010000.0,0.9958333333333333,-0.18564814814814815
21600000,0,0,0,21600000,180000,21420000,25160000.0,2160000.0,15500000,7500000,-3740000.0,-360000.0,0,360000.0,-4100000.0,0.9916666666666667,-0.18981481481481483
21600000,0,0,0,21600000,90000,21510000,25160000.0,2160000.0,15500000,7500000,-3650000.0,-450000.0,0,450000.0,-4100000.0,0.9958333333333333,-0.18981481481481483
21600000,0,0,0,21600000,180000,21420000,25160000.0,2160000.0,15500000,7500000,-3740000.0,-450000.0,0,450000.0,-4190000.0,0.9916666666666667,-0.19398148148148148
21600000,0,0,0,21600000,90000,21510000,25660000.0,2160000.0,16000000,7500000,-4150000.0,-360000.0,0,360000.0,-4510000.0,0.9958333333333333,-0.20879629629629629
21600000,0,0,0,21600000,180000,21420000,25660000.0,2160000.0,16000000,7500000,-4240000.0,-360000.0,0,360000.0,-4600000.0,0.9916666666666667,-0.21296296296296297
21600000,0,0,0,21600000,90000,21510000,25660000.0,2160000.0,16000000,7500000,-4150000.0,-450000.0,0,450000.0,-4600000.0,0.9958333333333333,-0.21296296296296297
21600000,0,0,0,21600000,180000,21420000,25660000.0,2160000.0,16000000,7500000,-4240000.0,-450000.0,0,450000.0,-4690000.0,0.9916666666666667,-0.21712962962962962
21600000,0,0,0,21600000,90000,21510000,26160000.0,2160000.0,16500000,7500000,-4650000.0,-360000.0,0,360000.0,-5010000.0,0.9958333333333333,-0.23194444444444445
21600000,0,0,0,21600000,180000,21420000,26160000.0,2160000.0,16500000,7500000,-4740000.0,-360000.0,0,360000.0,-5100000.0,0.9916666666666667,-0.2361111111111111
21600000,0,0,0,21600000,90000,21510000,26160000.0,2160000.0,16500000,7500000,-4650000.0,-450000.0,0,450000.0,-5100000.0,0.9958333333333333,-0.2361111111111111
21600000,0,0,0,21600000,180000,21420000,26160000.0,2160000.0,16500000,7500000,-4740000.0,-450000.0,0,450000.0,-5190000.0,0.9916666666666667,-0.24027777777777778
7200000,0,0,0,7200000,30000,7170000,20970000.0,720000.0,14000000,6250000,-13800000.0,-120000.0,0,120000.0,-13920000.0,0.9958333333333333,-1.9333333333333333
7200000,0,0,0,7200000,60000,7140000,20970000.0,720000.0,14000000,6250000,-13830000.0,-120000.0,0,120000.0,-13950000.0,0.9916666666666667,-1.9375
7200000,0,0,0,7200000,30000,7170000,20970000.0,720000.0,14000000,6250000,-13800000.0,-150000.00000000003,0,150000.00000000003,-13950000.0,0.9958333333333333,-1.9375
7200000,0,0,0,7200000,60000,7140000,20970000.0,720000.0,14000000,6250000,-13830000.0,-150000.00000000003,0,150000.00000000003,-13980000.0,0.9916666666666667,-1.9416666666666667
7200000,0,0,0,7200000,30000,7170000,21470000.0,720000.0,14500000,6250000,-14300000.0,-120000.0,0,120000.0,-14420000.0,0.9958333333333333,-2.0027777777777778
7200000,0,0,0,7200000,60000,7140000,21470000.0,720000.0,14500000,6250000,-14330000.0,-120000.0,0,120000.0,-14450000.0,0.9916666666666667,-2.0069444444444446
7200000,0,0,0,7200000,30000,7170000,21470000.0,720000.0,14500000,6250000,-14300000.0,-150000.00000000003,0,150000.00000000003,-14450000.0,0.9958333333333333,-2.0069444444444446
7200000,0,0,0,7200000,60000,7140000,21470000.0,720000.0,14500000,6250000,-14330000.0,-150000.00000000003,0,150000.00000000003,-14480000.0,0.9916666666666667,-2.011111111111111
7200000,0,0,0,7200000,30000,7170000,21970000.0,720000.0,15000000,6250000,-14800000.0,-120000.0,0,120000.0,-14920000.0,0.9958333333333333,-2.0722222222222224
7200000,0,0,0,7200000,60000,7140000,21970000.0,720000.0,15000000,6250000,-14830000.0,-120000.0,0,120000.0,-14950000.0,0.9916666666666667,-2.076388888888889
7200000,0,0,0,7200000,30000,7170000,21970000.0,720000.0,15000000,6250000,-14800000.0,-150000.00000000003,0,150000.00000000003,-14950000.0,0.9958333333333333,-2.076388888888889
7200000,0,0,0,7200000,60000,7140000,21970000.0,720000.0,15000000,6250000,-14830000.0,-150000.00000000003,0,150000.00000000003,-14980000.0,0.9916666666666667,-2.0805555555555557
7200000,0,0,0,7200000,30000,7170000,23970000.0,720000.0,17000000,6250000,-16800000.0,-120000.0,0,120000.0,-16920000.0,0.9958333333333333,-2.35
7200000,0,0,0,7200000,60000,7140000,23970000.0,720000.0,17000000,6250000,-16830000.0,-120000.0,0,120000.0,-16950000.0,0.9916666666666667,-2.3541666666666665
7200000,0,0,0,7200000,30000,7170000,23970000.0,720000.0,17000000,6250000,-16800000.0,-150000.00000000003,0,150000.00000000003,-16950000.0,0.9958333333333333,-2.3541666666666665
7200000,0,0,0,7200000,60000,7140000,23970000.0,720000.0,17000000,6250000,-16830000.0,-150000.00000000003,0,150000.00000000003,-16980000.0,0.9916666666666667,-2.3583333333333334
7200000,0,0,0,7200000,30000,7170000,24470000.0,720000.0,17500000,6250000,-17300000.0,-120000.0,0,120000.0,-17420000.0,0.9958333333333333,-2.4194444444444443
7200000,0,0,0,7200000,60000,7140000,24470000.0,720000.0,17500000,6250000,-17330000.0,-120000.0,0,120000.0,-17450000.0,0.9916666666666667,-2.423611111111111
7200000,0,0,0,7200000,30000,7170000,24470000.0,720000.0,17500000,6250000,-17300000.0,-150000.00000000003,0,150000.00000000003,-17450000.0,0.9958333333333333,-2.423611111111111
7200000,0,0,0,7200000,60000,7140000,24470000.0,720000.0,17500000,6250000,-17330000.0,-150000.00000000003,0,150000.00000000003,-17480000.0,0.9916666666666667,-2.4277777777777776
7200000,0,0,0,7200000,30000,7170000,24970000.0,720000.0,18000000,6250000,-17800000.0,-120000.0,0,120000.0,-17920000.0,0.9958333333333333,-2.488888888888889
7200000,0,0,0,7200000,60000,7140000,24970000.0,720000.0,18000000,6250000,-17830000.0,-120000.0,0,120000.0,-17950000.0,0.9916666666666667,-2.4930555555555554
7200000,0,0,0,7200000,30000,7170000,24970000.0,720000.0,18000000,6250000,-17800000.0,-150000.00000000003,0,150000.00000000003,-17950000.0,0.9958333333333333,-2.4930555555555554
7200000,0,0,0,7200000,60000,7140000,24970000.0,720000.0,18000000,6250000,-17830000.0,-150000.00000000003,0,150000.00000000003,-17980000.0,0.9916666666666667,-2.4972222222222222
7200000,0,0,0,7200000,30000,7170000,22470000.0,720000.0,15500000,6250000,-15300000.0,-120000.0,0,120000.0,-15420000.0,0.9958333333333333,-2.1416666666666666
7200000,0,0,0,7200000,60000,7140000,22470000.0,720000.0,15500000,6250000,-15330000.0,-120000.0,0,120000.0,-15450000.0,0.9916666666666667,-2.1458333333333335
7200000,0,0,0,7200000,30000,7170000,22470000.0,720000.0,15500000,6250000,-15300000.0,-150000.00000000003,0,150000.00000000003,-15450000.0,0.9958333333333333,-2.1458333333333335
7200000,0,0,0,7200000,60000,7140000,22470000.0,720000.0,15500000,6250000,-15330000.0,-150000.00000000003,0,150000.00000000003,-15480000.0,0.9916666666666667,-2.15
7200000,0,0,0,7200000,30000,7170000,22970000.0,720000.0,16000000,6250000,-15800000.0,-120000.0,0,120000.0,-15920000.0,0.9958333333333333,-2.2111111111111112
7200000,0,0,0,7200000,60000,7140000,22970000.0,720000.0,16000000,6250000,-15830000.0,-120000.0,0,120000.0,-15950000.0,0.9916666666666667,-2.2152777777777777
7200000,0,0,0,7200000,30000,7170000,22970000.0,720000.0,16000000,6250000,-15800000.0,-150000.00000000003,0,150000.00000000003,-15950000.0,0.9958333333333333,-2.2152777777777777
7200000,0,0,0,7200000,60000,7140000,22970000.0,720000.0,16000000,6250000,-15830000.0,-150000.00000000003,0,150000.00000000003,-15980000.0,0.9916666666666667,-2.2194444444444446
7200000,0,0,0,7200000,30000,7170000,23470000.0,720000.0,16500000,6250000,-16300000.0,-120000.0,0,120000.0,-16420000.0,0.9958333333333333,-2.2805555555555554
7200000,0,0,0,7200000,60000,7140000,23470000.0,720000.0,16500000,6250000,-16330000.0,-120000.0,0,120000.0,-16450000.0,0.9916666666666667,-2.2847222222222223
7200000,0,0,0,7200000,30000,7170000,23470000.0,720000.0,16500000,6250000,-16300000.0,-150000.00000000003,0,150000.00000000003,-16450000.0,0.9958333333333333,-2.2847222222222223
7200000,0,0,0,7200000,60000,7140000,23470000.0,720000.0,16500000,6250000,-16330000.0,-150000.00000000003,0,150000.00000000003,-16480000.0,0.9916666666666667,-2.2888888888888888
7200000,0,0,0,7200000,30000,7170000,22220000.0,720000.0,14000000,7500000,-15050000.0,-120000.0,0,120000.0,-15170000.0,0.9958333333333333,-2.1069444444444443
7200000,0,0,0,7200000,60000,7140000,22220000.0,720000.0,14000000,7500000,-15080000.0,-120000.0,0,120000.0,-15200000.0,0.9916666666666667,-2.111111111111111
7200000,0,0,0,7200000,30000,7170000,22220000.0,720000.0,14000000,7500000,-15050000.0,-150000.00000000003,0,150000.00000000003,-15200000.0,0.9958333333333333,-2.111111111111111
7200000,0,0,0,7200000,60000,7140000,22220000.0,720000.0,14000000,7500000,-15080000.0,-150000.00000000003,0,150000.00000000003,-15230000.0,0.9916666666666667,-2.1152777777777776
7200000,0,0,0,7200000,30000,7170000,22720000.0,720000.0,14500000,7500000,-15550000.0,-120000.0,0,120000.0,-15670000.0,0.9958333333333333,-2.176388888888889
7200000,0,0,0,7200000,60000,7140000,22720000.0,720000.0,14500000,7500000,-15580000.0,-120000.0,0,120000.0,-15700000.0,0.9916666666666667,-2.1805555555555554
7200000,0,0,0,7200000,30000,7170000,22720000.0,720000.0,14500000,7500000,-15550000.0,-150000.00000000003,0,150000.00000000003,-15700000.0,0.9958333333333333,-2.1805555555555554
7200000,0,0,0,7200000,60000,7140000,22720000.0,720000.0,14500000,7500000,-15580000.0,-150000.00000000003,0,150000.00000000003,-15730000.0,0.9916666666666667,-2.1847222222222222
7200000,0,0,0,7200000,30000,7170000,23220000.0,720000.0,15000000,7500000,-16050000.0,-120000.0,0,120000.0,-16170000.0,0.9958333333333333,-2.245833333333333
7200000,0,0,0,7200000,60000,7140000,23220000.0,720000.0,15000000,7500000,-16080000.0,-120000.0,0,120000.0,-16200000.0,0.9916666666666667,-2.25
7200000,0,0,0,7200000,30000,7170000,23220000.0,720000.0,15000000,7500000,-16050000.0,-150000.00000000003,0,150000.00000000003,-16200000.0,0.9958333333333333,-2.25
7200000,0,0,0,7200000,60000,7140000,23220000.0,720000.0,15000000,7500000,-16080000.0,-150000.00000000003,0,150000.00000000003,-16230000.0,0.9916666666666667,-2.254166666666667
7200000,0,0,0,7200000,30000,7170000,25220000.0,720000.0,17000000,7500000,-18050000.0,-120000.0,0,120000.0,-18170000.0,0.9958333333333333,-2.5236111111111112
7200000,0,0,0,7200000,60000,7140000,25220000.0,720000.0,17000000,7500000,-18080000.0,-120000.0,0,120000.0,-18200000.0,0.9916666666666667,-2.5277777777777777
7200000,0,0,0,7200000,30000,7170000,25220000.0,720000.0,17000000,7500000,-18050000.0,-150000.00000000003,0,150000.00000000003,-18200000.0,0.9958333333333333,-2.5277777777777777
7200000,0,0,0,7200000,60000,7140000,25220000.0,720000.0,17000000,7500000,-18080000.0,-150000.00000000003,0,150000.00000000003,-18230000.0,0.9916666666666667,-2.5319444444444446
7200000,0,0,0,7200000,30000,7170000,25720000.0,720000.0,17500000,7500000,-18550000.0,-120000.0,0,120000.0,-18670000.0,0.9958333333333333,-2.5930555555555554
7200000,0,0,0,7200000,60000,7140000,25720000.0,720000.0,17500000,7500000,-18580000.0,-120000.0,0,120000.0,-18700000.0,0.9916666666666667,-2.5972222222222223
7200000,0,0,0,7200000,30000,7170000,25720000.0,720000.0,17500000,7500000,-18550000.0,-150000.00000000003,0,150000.00000000003,-18700000.0,0.9958333333333333,-2.5972222222222223
7200000,0,0,0,7200000,60000,7140000,25720000.0,720000.0,17500000,7500000,-18580000.0,-150000.00000000003,0,150000.00000000003,-18730000.0,0.9916666666666667,-2.6013888888888888
7200000,0,0,0,7200000,30000,7170000,26220000.0,720000.0,18000000,7500000,-19050000.0,-120000.0,0,120000.0,-19170000.0,0.9958333333333333,-2.6625
7200000,0,0,0,7200000,60000,7140000,26220000.0,720000.0,18000000,7500000,-19080000.0,-120000.0,0,120000.0,-19200000.0,0.9916666666666667,-2.6666666666666665
7200000,0,0,0,7200000,30000,7170000,26220000.0,720000.0,18000000,7500000,-19050000.0,-150000.00000000003,0,150000.00000000003,-19200000.0,0.9958333333333333,-2.6666666666666665
7200000,0,0,0,7200000,60000,7140000,26220000.0,720000.0,18000000,7500000,-19080000.0,-150000.00000000003,0,150000.00000000003,-19230000.0,0.9916666666666667,-2.6708333333333334
7200000,0,0,0,7200000,30000,7170000,23720000.0,720000.0,15500000,7500000,-16550000.0,-120000.0,0,120000.0,-16670000.0,0.9958333333333333,-2.3152777777777778
7200000,0,0,0,7200000,60000,7140000,23720000.0,720000.0,15500000,7500000,-16580000.0,-120000.0,0,120000.0,-16700000.0,0.9916666666666667,-2.3194444444444446
7200000,0,0,0,7200000,30000,7170000,23720000.0,720000.0,15500000,7500000,-16550000.0,-150000.00000000003,0,150000.00000000003,-16700000.0,0.9958333333333333,-2.3194444444444446
7200000,0,0,0,7200000,60000,7140000,23720000.0,720000.0,15500000,7500000,-16580000.0,-150000.00000000003,0,150000.00000000003,-16730000.0,0.9916666666666667,-2.323611111111111
7200000,0,0,0,7200000,30000,7170000,24220000.0,720000.0,16000000,7500000,-17050000.0,-120000.0,0,120000.0,-17170000.0,0.9958333333333333,-2.3847222222222224
7200000,0,0,0,7200000,60000,7140000,24220000.0,720000.0,16000000,7500000,-17080000.0,-120000.0,0,120000.0,-17200000.0,0.9916666666666667,-2.388888888888889
7200000,0,0,0,7200000,30000,7170000,24220000.0,720000.0,16000000,7500000,-17050000.0,-150000.00000000003,0,150000.00000000003,-17200000.0,0.9958333333333333,-2.388888888888889
7200000,0,0,0,7200000,60000,7140000,24220000.0,720000.0,16000000,7500000,-17080000.0,-150000.00000000003,0,150000.00000000003,-17230000.0,0.9916666666666667,-2.3930555555555557
7200000,0,0,0,7200000,30000,7170000,24720000.0,720000.0,16500000,7500000,-17550000.0,-120000.0,0,120000.0,-17670000.0,0.9958333333333333,-2.4541666666666666
7200000,0,0,0,7200000,60000,7140000,24720000.0,720000.0,16500000,7500000,-17580000.0,-120000.0,0,120000.0,-17700000.0,0.9916666666666667,-2.4583333333333335
7200000,0,0,0,7200000,30000,7170000,24720000.0,720000.0,16500000,7500000,-17550000.0,-150000.00000000003,0,150000.00000000003,-17700000.0,0.9958333333333333,-2.4583333333333335
7200000,0,0,0,7200000,60000,7140000,24720000.0,720000.0,16500000,7500000,-17580000.0,-150000.00000000003,0,150000.00000000003,-17730000.0,0.9916666666666667,-2.4625
14400000,0,0,0,14400000,60000,14340000,21690000.0,1440000.0,14000000,6250000,-7350000.0,-240000.0,0,240000.0,-7590000.0,0.9958333333333333,-0.5270833333333333
14400000,0,0,0,14400000,120000,14280000,21690000.0,1440000.0,14000000,6250000,-7410000.0,-240000.0,0,240000.0,-7650000.0,0.9916666666666667,-0.53125
14400000,0,0,0,14400000,60000,14340000,21690000.0,1440000.0,14000000,6250000,-7350000.0,-300000.00000000006,0,300000.00000000006,-7650000.0,0.9958333333333333,-0.53125
14400000,0,0,0,14400000,120000,14280000,21690000.0,1440000.0,14000000,6250000,-7410000.0,-300000.00000000006,0,300000.00000000006,-7710000.0,0.9916666666666667,-0.5354166666666667
14400000,0,0,0,14400000,60000,14340000,22190000.0,1440000.0,14500000,6250000,-7850000.0,-240000.0,0,240000.0,-8090000.0,0.9958333333333333,-0.5618055555555556
14400000,0,0,0,14400000,120000,14280000,22190000.0,1440000.0,14500000,6250000,-7910000.0,-240000.0,0,240000.0,-8150000.0,0.9916666666666667,-0.5659722222222222
14400000,0,0,0,14400000,60000,14340000,22190000.0,1440000.0,14500000,6250000,-7850000.0,-300000.00000000006,0,300000.00000000006,-8150000.0,0.9958333333333333,-0.5659722222222222
14400000,0,0,0,14400000,120000,14280000,22190000.0,1440000.0,14500000,6250000,-7910000.0,-300000.00000000006,0,300000.00000000006,-8210000.0,0.9916666666666667,-0.5701388888888889
14400000,0,0,0,14400000,60000,14340000,22690000.0,1440000.0,15000000,6250000,-8350000.0,-240000.0,0,240000.0,-8590000.0,0.9958333333333333,-0.5965277777777778
14400000,0,0,0,14400000,120000,14280000,22690000.0,1440000.0,15000000,6250000,-8410000.0,-240000.0,0,240000.0,-8650000.0,0.9916666666666667,-0.6006944444444444
14400000,0,0,0,14400000,60000,14340000,22690000.0,1440000.0,15000000,6250000,-8350000.0,-300000.00000000006,0,300000.00000000006,-8650000.0,0.9958333333333333,-0.6006944444444444
14400000,0,0,0,14400000,120000,14280000,22690000.0,1440000.0,15000000,6250000,-8410000.0,-300000.00000000006,0,300000.00000000006,-8710000.0,0.9916666666666667,-0.6048611111111111
14400000,0,0,0,14400000,60000,14340000,24690000.0,1440000.0,17000000,6250000,-10350000.0,-240000.0,0,240000.0,-10590000.0,0.9958333333333333,-0.7354166666666667
14400000,0,0,0,14400000,120000,14280000,24690000.0,1440000.0,17000000,6250000,-10410000.0,-240000.0,0,240000.0,-10650000.0,0.9916666666666667,-0.7395833333333334
14400000,0,0,0,14400000,60000,14340000,24690000.0,1440000.0,17000000,6250000,-10350000.0,-300000.00000000006,0,300000.00000000006,-10650000.0,0.9958333333333333,-0.7395833333333334
14400000,0,0,0,14400000,120000,14280000,24690000.0,1440000.0,17000000,6250000,-10410000.0,-300000.00000000006,0,300000.00000000006,-10710000.0,0.9916666666666667,-0.74375
14400000,0,0,0,14400000,60000,14340000,25190000.0,1440000.0,17500000,6250000,-10850000.0,-240000.0,0,240000.0,-11090000.0,0.9958333333333333,-0.7701388888888889
14400000,0,0,0,14400000,120000,14280000,25190000.0,1440000.0,17500000,6250000,-10910000.0,-240000.0,0,240000.0,-11150000.0,0.9916666666666667,-0.7743055555555556
14400000,0,0,0,14400000,60000,14340000,25190000.0,1440000.0,17500000,6250000,-10850000.0,-300000.00000000006,0,300000.00000000006,-11150000.0,0.9958333333333333,-0.7743055555555556
14400000,0,0,0,14400000,120000,14280000,25190000.0,1440000.0,17500000,6250000,-10910000.0,-300000.00000000006,0,300000.00000000006,-11210000.0,0.9916666666666667,-0.7784722222222222
14400000,0,0,0,14400000,60000,14340000,25690000.0,1440000.0,18000000,6250000,-11350000.0,-240000.0,0,240000.0,-11590000.0,0.9958333333333333,-0.8048611111111111
14400000,0,0,0,14400000,120000,14280000,25690000.0,1440000.0,18000000,6250000,-11410000.0,-240000.0,0,240000.0,-11650000.0,0.9916666666666667,-0.8090277777777778
14400000,0,0,0,14400000,60000,14340000,25690000.0,1440000.0,18000000,6250000,-11350000.0,-300000.00000000006,0,300000.00000000006,-11650000.0,0.9958333333333333,-0.8090277777777778
14400000,0,0,0,14400000,120000,14280000,25690000.0,1440000.0,18000000,6250000,-11410000.0,-300000.00000000006,0,300000.00000000006,-11710000.0,0.9916666666666667,-0.8131944444444444
14400000,0,0,0,14400000,60000,14340000,23190000.0,1440000.0,15500000,6250000,-8850000.0,-240000.0,0,240000.0,-9090000.0,0.9958333333333333,-0.63125
14400000,0,0,0,14400000,120000,14280000,23190000.0,1440000.0,15500000,6250000,-8910000.0,-240000.0,0,240000.0,-9150000.0,0.9916666666666667,-0.6354166666666666
14400000,0,0,0,14400000,60000,14340000,23190000.0,1440000.0,15500000,6250000,-8850000.0,-300000.00000000006,0,300000.00000000006,-9150000.0,0.9958333333333333,-0.6354166666666666
14400000,0,0,0,14400000,120000,14280000,23190000.0,1440000.0,15500000,6250000,-8910000.0,-300000.00000000006,0,300000.00000000006,-9210000.0,0.9916666666666667,-0.6395833333333333
14400000,0,0,0,14400000,60000,14340000,23690000.0,1440000.0,16000000,6250000,-9350000.0,-240000.0,0,240000.0,-9590000.0,0.9958333333333333,-0.6659722222222222
14400000,0,0,0,14400000,120000,14280000,23690000.0,1440000.0,16000000,6250000,-9410000.0,-240000.0,0,240000.0,-9650000.0,0.9916666666666667,-0.6701388888888888
14400000,0,0,0,14400000,60000,14340000,23690000.0,1440000.0,16000000,6250000,-9350000.0,-300000.00000000006,0,300000.00000000006,-9650000.0,0.9958333333333333,-0.6701388888888888
14400000,0,0,0,14400000,120000,14280000,23690000.0,1440000.0,16000000,6250000,-9410000.0,-300000.00000000006,0,300000.00000000006,-9710000.0,0.9916666666666667,-0.6743055555555556
14400000,0,0,0,14400000,60000,14340000,24190000.0,1440000.0,16500000,6250000,-9850000.0,-240000.0,0,240000.0,-10090000.0,0.9958333333333333,-0.7006944444444444
14400000,0,0,0,14400000,120000,14280000,24190000.0,1440000.0,16500000,6250000,-9910000.0,-240000.0,0,240000.0,-10150000.0,0.9916666666666667,-0.7048611111111112
14400000,0,0,0,14400000,60000,14340000,24190000.0,1440000.0,16500000,6250000,-9850000.0,-300000.00000000006,0,300000.00000000006,-10150000.0,0.9958333333333333,-0.7048611111111112
14400000,0,0,0,14400000,120000,14280000,24190000.0,1440000.0,16500000,6250000,-9910000.0,-300000.00000000006,0,300000.00000000006,-10210000.0,0.9916666666666667,-0.7090277777777778
14400000,0,0,0,14400000,60000,14340000,22940000.0,1440000.0,14000000,7500000,-8600000.0,-240000.0,0,240000.0,-8840000.0,0.9958333333333333,-0.6138888888888889
14400000,0,0,0,14400000,120000,14280000,22940000.0,1440000.0,14000000,7500000,-8660000.0,-240000.0,0,240000.0,-8900000.0,0.9916666666666667,-0.6180555555555556
14400000,0,0,0,14400000,60000,14340000,22940000.0,1440000.0,14000000,7500000,-8600000.0,-300000.00000000006,0,300000.00000000006,-8900000.0,0.9958333333333333,-0.6180555555555556
14400000,0,0,0,14400000,120000,14280000,22940000.0,1440000.0,14000000,7500000,-8660000.0,-300000.00000000006,0,300000.00000000006,-8960000.0,0.9916666666666667,-0.6222222222222222
14400000,0,0,0,14400000,60000,14340000,23440000.0,1440000.0,14500000,7500000,-9100000.0,-240000.0,0,240000.0,-9340000.0,0.9958333333333333,-0.6486111111111111
14400000,0,0,0,14400000,120000,14280000,23440000.0,1440000.0,14500000,7500000,-9160000.0,-240000.0,0,240000.0,-9400000.0,0.9916666666666667,-0.6527777777777778
14400000,0,0,0,14400000,60000,14340000,23440000.0,1440000.0,14500000,7500000,-9100000.0,-300000.00000000006,0,300000.00000000006,-9400000.0,0.9958333333333333,-0.6527777777777778
14400000,0,0,0,14400000,120000,14280000,23440000.0,1440000.0,14500000,7500000,-9160000.0,-300000.00000000006,0,300000.00000000006,-9460000.0,0.9916666666666667,-0.6569444444444444
14400000,0,0,0,14400000,60000,14340000,23940000.0,1440000.0,15000000,7500000,-9600000.0,-240000.0,0,240000.0,-9840000.0,0.9958333333333333,-0.6833333333333333
14400000,0,0,0,14400000,120000,14280000,23940000.0,1440000.0,15000000,7500000,-9660000.0,-240000.0,0,240000.0,-9900000.0,0.9916666666666667,-0.6875
14400000,0,0,0,14400000,60000,14340000,23940000.0,1440000.0,15000000,7500000,-9600000.0,-300000.00000000006,0,300000.00000000006,-9900000.0,0.9958333333333333,-0.6875
14400000,0,0,0,14400000,120000,14280000,23940000.0,1440000.0,15000000,7500000,-9660000.0,-300000.00000000006,0,300000.00000000006,-9960000.0,0.9916666666666667,-0.6916666666666667
14400000,0,0,0,14400000,60000,14340000,25940000.0,1440000.0,17000000,7500000,-11600000.0,-240000.0,0,240000.0,-11840000.0,0.9958333333333333,-0.8222222222222222
14400000,0,0,0,14400000,120000,14280000,25940000.0,1440000.0,17000000,7500000,-11660000.0,-240000.0,0,240000.0,-11900000.0,0.9916666666666667,-0.8263888888888888
14400000,0,0,0,14400000,60000,14340000,25940000.0,1440000.0,17000000,7500000,-11600000.0,-300000.00000000006,0,300000.00000000006,-11900000.0,0.9958333333333333,-0.8263888888888888
14400000,0,0,0,14400000,120000,14280000,25940000.0,1440000.0,17000000,7500000,-11660000.0,-300000.00000000006,0,300000.00000000006,-11960000.0,0.9916666666666667,-0.8305555555555556
14400000,0,0,0,14400000,60000,14340000,26440000.0,1440000.0,17500000,7500000,-12100000.0,-240000.0,0,240000.0,-12340000.0,0.9958333333333333,-0.8569444444444444
14400000,0,0,0,14400000,120000,14280000,26440000.0,1440000.0,17500000,7500000,-12160000.0,-240000.0,0,240000.0,-12400000.0,0.9916666666666667,-0.8611111111111112
14400000,0,0,0,14400000,60000,14340000,26440000.0,1440000.0,17500000,7500000,-12100000.0,-300000.00000000006,0,300000.00000000006,-12400000.0,0.9958333333333333,-0.8611111111111112
14400000,0,0,0,14400000,120000,14280000,26440000.0,1440000.0,17500000,7500000,-12160000.0,-300000.00000000006,0,300000.00000000006,-12460000.0,0.9916666666666667,-0.8652777777777778
14400000,0,0,0,14400000,60000,14340000,26940000.0,1440000.0,18000000,7500000,-12600000.0,-240000.0,0,240000.0,-12840000.0,0.9958333333333333,-0.8916666666666667
14400000,0,0,0,14400000,120000,14280000,26940000.0,1440000.0,18000000,7500000,-12660000.0,-240000.0,0,240000.0,-12900000.0,0.9916666666666667,-0.8958333333333334
14400000,0,0,0,14400000,60000,14340000,26940000.0,1440000.0,18000000,7500000,-12600000.0,-300000.00000000006,0,300000.00000000006,-12900000.0,0.9958333333333333,-0.8958333333333334
14400000,0,0,0,14400000,120000,14280000,26940000.0,1440000.0,18000000,7500000,-12660000.0,-300000.00000000006,0,300000.00000000006,-12960000.0,0.9916666666666667,-0.9
14400000,0,0,0,14400000,60000,14340000,24440000.0,1440000.0,15500000,7500000,-10100000.0,-240000.0,0,240000.0,-10340000.0,0.9958333333333333,-0.7180555555555556
14400000,0,0,0,14400000,120000,14280000,24440000.0,1440000.0,15500000,7500000,-10160000.0,-240000.0,0,240000.0,-10400000.0,0.9916666666666667,-0.7222222222222222
14400000,0,0,0,14400000,60000,14340000,24440000.0,1440000.0,15500000,7500000,-10100000.0,-300000.00000000006,0,300000.00000000006,-10400000.0,0.9958333333333333,-0.7222222222222222
14400000,0,0,0,14400000,120000,14280000,24440000.0,1440000.0,15500000,7500000,-10160000.0,-300000.00000000006,0,300000.00000000006,-10460000.0,0.9916666666666667,-0.7263888888888889
14400000,0,0,0,14400000,60000,14340000,24940000.0,1440000.0,16000000,7500000,-10600000.0,-240000.0,0,240000.0,-10840000.0,0.9958333333333333,-0.7527777777777778
14400000,0,0,0,14400000,120000,14280000,24940000.0,1440000.0,16000000,7500000,-10660000.0,-240000.0,0,240000.0,-10900000.0,0.9916666666666667,-0.7569444444444444
14400000,0,0,0,14400000,60000,14340000,24940000.0,1440000.0,16000000,7500000,-10600000.0,-300000.00000000006,0,300000.00000000006,-10900000.0,0.9958333333333333,-0.7569444444444444
14400000,0,0,0,14400000,120000,14280000,24940000.0,1440000.0,16000000,7500000,-10660000.0,-300000.00000000006,0,300000.00000000006,-10960000.0,0.9916666666666667,-0.7611111111111111
14400000,0,0,0,14400000,60000,14340000,25440000.0,1440000.0,16500000,7500000,-11100000.0,-240000.0,0,240000.0,-11340000.0,0.9958333333333333,-0.7875
14400000,0,0,0,14400000,120000,14280000,25440000.0,1440000.0,16500000,7500000,-11160000.0,-240000.0,0,240000.0,-11400000.0,0.9916666666666667,-0.7916666666666666
14400000,0,0,0,14400000,60000,14340000,25440000.0,1440000.0,16500000,7500000,-11100000.0,-300000.00000000006,0,300000.00000000006,-11400000.0,0.9958333333333333,-0.7916666666666666
14400000,0,0,0,14400000,120000,14280000,25440000.0,1440000.0,16500000,7500000,-11160000.0,-300000.00000000006,0,300000.00000000006,-11460000.0,0.9916666666666667,-0.7958333333333333
